League,Name,DateStart,DateStart__precision
2016 International Wildcard Qualifier,IWCQ 2016,24/08/2016,1
Circuit Brazilian League of Legends,CBLOL 2023 Split 1,21/01/2023,1
Circuit Brazilian League of Legends,CBLOL 2022 Split 2 Playoffs,12/08/2022,1
Circuit Brazilian League of Legends,CBLOL 2022 Split 2,11/06/2022,1
Circuit Brazilian League of Legends,CBLOL 2022 Split 1 Playoffs,25/03/2022,1
Circuit Brazilian League of Legends,CBLOL 2022 Split 1,22/01/2022,1
Circuit Brazilian League of Legends,CBLOL 2021 Split 2 Playoffs,07/08/2021,1
Circuit Brazilian League of Legends,CBLOL 2021 Split 2,05/06/2021,1
Circuit Brazilian League of Legends,CBLOL 2021 Split 1 Playoffs,27/03/2021,1
Circuit Brazilian League of Legends,CBLOL 2021 Split 1,16/01/2021,1
Circuit Brazilian League of Legends,CBLOL 2020 Split 2 Playoffs,22/08/2020,1
Circuit Brazilian League of Legends,CBLOL 2020 Split 2,06/06/2020,1
Circuit Brazilian League of Legends,CBLOL 2020 Split 2 Promotion,19/05/2020,1
Circuit Brazilian League of Legends,CBLOL 2020 Split 1 Playoffs,02/05/2020,1
Circuit Brazilian League of Legends,CBLOL 2020 Split 1,25/01/2020,1
Circuit Brazilian League of Legends,CBLOL 2020 Split 1 Promotion,21/09/2019,1
Circuit Brazilian League of Legends,CBLOL 2019 Split 2 Playoffs,24/08/2019,1
Circuit Brazilian League of Legends,CBLOL 2019 Split 2,01/06/2019,1
Circuit Brazilian League of Legends,CBLOL 2019 Split 2 Promotion,27/04/2019,1
Circuit Brazilian League of Legends,CBLOL 2019 Split 1 Playoffs,06/04/2019,1
Circuit Brazilian League of Legends,CBLOL 2019 Split 1,12/01/2019,1
Circuit Brazilian League of Legends,CBLOL 2019 Split 1 Promotion,14/09/2018,1
Circuit Brazilian League of Legends,CBLOL 2018 Split 2 Playoffs,11/08/2018,1
Circuit Brazilian League of Legends,CBLOL 2018 Split 2,09/06/2018,1
Circuit Brazilian League of Legends,CBLOL 2018 Split 2 Promotion,14/04/2018,1
Circuit Brazilian League of Legends,CBLOL 2018 Split 1 Playoffs,17/03/2018,1
Circuit Brazilian League of Legends,CBLOL 2018 Split 1,20/01/2018,1
Circuit Brazilian League of Legends,CBLOL 2017 Split 2 Playoffs,19/08/2017,1
Circuit Brazilian League of Legends,CBLOL 2018 Split 1 Promotion,05/08/2017,1
Circuit Brazilian League of Legends,CBLOL 2017 Split 2,03/06/2017,1
Circuit Brazilian League of Legends,CBLOL 2017 Split 1 Playoffs,25/03/2017,1
Circuit Brazilian League of Legends,CBLOL 2017 Split 2 Promotion,18/03/2017,1
Circuit Brazilian League of Legends,CBLOL 2017 Split 1,21/01/2017,1
Circuit Brazilian League of Legends,CBLOL 2017 Split 1 Promotion,22/07/2016,1
Circuit Brazilian League of Legends,CBLOL 2016 Split 2 Playoffs,24/06/2016,1
Circuit Brazilian League of Legends,CBLOL 2016 Split 2,19/05/2016,1
Circuit Brazilian League of Legends,CBLOL 2016 Split 2 Promotion,09/04/2016,1
Circuit Brazilian League of Legends,CBLOL 2016 Split 1 Playoffs,12/03/2016,1
Circuit Brazilian League of Legends,CBLOL 2016 Split 1,16/01/2016,1
Circuit Brazilian League of Legends,CBLOL All-Star 2015,22/11/2015,1
Circuit Brazilian League of Legends,CBLOL 2015 Post-Season,12/11/2015,1
Circuit Brazilian League of Legends,CBLOL 2016 Split 1 Promotion,04/11/2015,1
Circuit Brazilian League of Legends,CBLOL 2015 Split 2 Playoffs,11/07/2015,1
Circuit Brazilian League of Legends,CBLOL 2015 Split 2,23/05/2015,1
Circuit Brazilian League of Legends,CBLOL 2015 Split 2 Promotion,01/05/2015,1
Circuit Brazilian League of Legends,CBLOL 2015 Split 1 Playoffs,21/03/2015,1
Circuit Brazilian League of Legends,CBLOL 2015 Split 1,17/01/2015,1
Circuit Brazilian League of Legends,CBLOL 2015 Split 1 Qualifiers,15/11/2014,1
Circuit Brazilian League of Legends,CBLOL 2014 Champions Series Playoffs,07/06/2014,1
Circuit Brazilian League of Legends,Brazilian Champions Series 2014,26/04/2014,1
Copa Latinoamérica Sur,CLS 2018 Closing Playoffs,30/08/2018,1
Copa Latinoamérica Sur,CLS 2018 Closing,16/06/2018,1
Copa Latinoamérica Sur,CLS 2018 Closing Promotion,26/04/2018,1
Copa Latinoamérica Sur,CLS 2018 Opening Playoffs,29/03/2018,1
Copa Latinoamérica Sur,CLS 2018 Opening,20/01/2018,1
Copa Latinoamérica Sur,CLS 2018 Opening Promotion,03/08/2017,1
Copa Latinoamérica Sur,CLS 2017 Closing Playoffs,27/07/2017,1
Copa Latinoamérica Sur,CLS 2017 Closing,01/06/2017,1
Copa Latinoamérica Sur,CLS 2017 Closing Promotion,30/03/2017,1
Copa Latinoamérica Sur,CLS 2017 Opening Playoffs,23/03/2017,1
Copa Latinoamérica Sur,CLS 2017 Opening,19/01/2017,1
Copa Latinoamérica Sur,CLS 2017 Preseason,02/11/2016,1
Copa Latinoamérica Sur,CLS 2017 Opening Promotion,06/08/2016,1
Copa Latinoamérica Sur,LAS 2016 Closing Cup Playoffs,20/07/2016,1
Copa Latinoamérica Sur,LAS 2016 Closing Cup,25/05/2016,1
Copa Latinoamérica Sur,LAS 2016 Closing Cup Promotion,25/03/2016,1
Copa Latinoamérica Sur,LAS 2016 Opening Cup Playoffs,10/03/2016,1
Copa Latinoamérica Sur,LAS 2016 Opening Cup,04/02/2016,1
Copa Latinoamérica Sur,LAS 2016 Opening Cup Promotion,28/07/2015,1
Copa Latinoamérica Sur,LAS 2015 Closing Cup Playoffs,07/07/2015,1
Copa Latinoamérica Sur,LAS 2015 Closing Cup,02/06/2015,1
Copa Latinoamérica Sur,LAS 2015 Closing Cup Promotion,13/04/2015,1
Copa Latinoamérica Sur,LAS 2015 Opening Cup Playoffs,23/03/2015,1
Copa Latinoamérica Sur,LAS 2015 Opening Cup,09/02/2015,1
Copa Latinoamérica Sur,LAS 2015 Opening Cup Promotion,22/01/2015,1
Copa Latinoamérica Sur,LAS Opening Cup 2015 Promotion Qualifier 4,18/01/2015,1
Copa Latinoamérica Sur,LAS Opening Cup 2015 Promotion Qualifier 3,17/01/2015,1
Copa Latinoamérica Sur,LAS Opening Cup 2015 Promotion Qualifier 2,11/01/2015,1
Copa Latinoamérica Sur,LAS Opening Cup 2015 Promotion Qualifier 1,10/01/2015,1
DreamHack,DreamHack Winter 2021,26/11/2021,1
DreamHack,DreamHack Valencia 2020,17/10/2020,1
DreamHack,DreamHack Winter 2019,29/11/2019,1
DreamHack,DreamHack Atlanta 2019,16/11/2019,1
DreamHack,DreamHack Rotterdam 2019,18/10/2019,1
DreamHack,DreamHack Montreal 2019,07/09/2019,1
DreamHack,DreamHack Summer 2019,16/06/2019,1
DreamHack,DreamHack Dallas 2019,01/06/2019,1
DreamHack,DreamHack Tours 2019,17/05/2019,1
DreamHack,DreamHack Rio 2019 Showmatch,19/04/2019,1
DreamHack,DreamHack Winter 2018 Female,30/11/2018,1
DreamHack,Dreamhack Montreal 2018,08/09/2018,1
DreamHack,DreamHack Summer 2018 Female,17/06/2018,1
DreamHack,DreamHack Summer 2018,16/06/2018,1
DreamHack,DreamHack Tours 2018,19/05/2018,1
DreamHack,DreamHack Tours 2018 - Qualifier,05/05/2018,1
DreamHack,DreamHack Leipzig 2018,26/01/2018,1
DreamHack,Dreamhack Montreal 2017,09/09/2017,1
DreamHack,DreamHack Valencia 2017,13/07/2017,1
DreamHack,DreamHack Lenovo Cup 2017,18/06/2017,1
DreamHack,DreamHack Summer 2017,18/06/2017,1
DreamHack,DreamHack Tours 2017,06/05/2017,1
DreamHack,DreamHack Valencia 2016,14/07/2016,1
DreamHack,DreamHack Tours 2016,14/05/2016,1
DreamHack,DreamHack 2015 Winter,26/11/2015,1
DreamHack,DreamHack Cluj Napoca 2015,31/10/2015,1
DreamHack,DreamHack Valencia 2015,17/07/2015,1
DreamHack,DreamHack Summer 2015,30/05/2015,1
DreamHack,DreamHack Tours 2015,08/05/2015,1
DreamHack,DreamHack Bucharest 2015,24/04/2015,1
DreamHack,DreamHack Winter 2014,27/11/2014,1
DreamHack,DreamHack Bucharest 2014,31/10/2014,1
DreamHack,DreamHack Valencia 2014,18/07/2014,1
DreamHack,DreamHack Summer 2014,14/06/2014,1
DreamHack,DreamHack Winter 2013,28/11/2013,1
DreamHack,DreamHack Winter 2013 Qualifiers,13/11/2013,1
DreamHack,DreamHack Bucharest 2013,14/09/2013,1
DreamHack,DreamHack Bucharest 2013 Qualifiers,22/08/2013,1
DreamHack,DreamHack Valencia 2013,18/07/2013,1
DreamHack,DreamHack Valencia 2013 Qualifiers,01/07/2013,1
DreamHack,DreamHack Summer 2013,15/06/2013,1
DreamHack,DreamHack Summer 2013 Qualifiers,29/05/2013,1
DreamHack,DreamHack Winter 2012,22/11/2012,1
DreamHack,DreamHack Winter 2012 Qualifiers,22/11/2012,1
DreamHack,DreamHack Bucharest 2012,20/10/2012,1
DreamHack,DreamHack Valencia 2012,21/09/2012,1
DreamHack,DreamHack Valencia 2012 Qualifiers,01/09/2012,1
DreamHack,DreamHack Summer 2012,16/06/2012,1
DreamHack,DreamHack Summer 2012 Qualifiers,22/05/2012,1
Europe League Championship Series,EU LCS 2018 Summer Playoffs,24/08/2018,1
Europe League Championship Series,EU LCS 2018 Summer,15/06/2018,1
Europe League Championship Series,EU LCS 2018 Spring Playoffs,23/03/2018,1
Europe League Championship Series,EU LCS 2018 Spring,19/01/2018,1
Europe League Championship Series,EU LCS 2017 Summer Playoffs,19/08/2017,1
Europe League Championship Series,EU LCS 2018 Spring Promotion,17/08/2017,1
Europe League Championship Series,EU LCS 2017 Summer,01/06/2017,1
Europe League Championship Series,EU LCS 2017 Spring Playoffs,08/04/2017,1
Europe League Championship Series,EU LCS 2017 Summer Promotion,06/04/2017,1
Europe League Championship Series,EU LCS 2017 Spring,19/01/2017,1
Europe League Championship Series,EU LCS 2016 Summer Playoffs,13/08/2016,1
Europe League Championship Series,EU LCS 2017 Spring Promotion,04/08/2016,1
Europe League Championship Series,EU LCS 2016 Summer,02/06/2016,1
Europe League Championship Series,EU LCS 2016 Spring Playoffs,02/04/2016,1
Europe League Championship Series,EU LCS 2016 Summer Promotion,24/03/2016,1
Europe League Championship Series,EU LCS 2016 Spring,14/01/2016,1
Europe League Championship Series,EU LCS 2016 Spring Promotion,05/09/2015,1
Europe League Championship Series,EU LCS 2015 Summer Playoffs,08/08/2015,1
Europe League Championship Series,EU LCS 2015 Summer,28/05/2015,1
Europe League Championship Series,EU LCS 2015 Summer Promotion,25/04/2015,1
Europe League Championship Series,EU LCS 2015 Spring Playoffs,04/04/2015,1
Europe League Championship Series,EU LCS 2015 Spring,22/01/2015,1
Europe League Championship Series,EU LCS 2015 Spring Expansion,20/11/2014,1
Europe League Championship Series,EU LCS 2015 Spring Promotion,09/09/2014,1
Europe League Championship Series,EU LCS 2014 Summer Playoffs,07/08/2014,1
Europe League Championship Series,EU LCS 2014 Summer,20/05/2014,1
Europe League Championship Series,EU LCS 2014 Summer Promotion,24/04/2014,1
Europe League Championship Series,EU LCS 2014 Spring Playoffs,15/04/2014,1
Europe League Championship Series,EU LCS 2014 Spring,14/01/2014,1
Europe League Championship Series,EU LCS 2014 Spring Promotion,05/12/2013,1
Europe League Championship Series,EU LCS 2014 Spring Prequalifier 2,16/11/2013,1
Europe League Championship Series,EU LCS 2014 Spring Prequalifier 1,19/10/2013,1
Europe League Championship Series,EU LCS 2013 Summer Playoffs,23/08/2013,1
Europe League Championship Series,EU LCS 2014 Spring Prequalifier Gamescom,21/08/2013,1
Europe League Championship Series,EU LCS 2014 Tenerife Qualifiers,18/07/2013,1
Europe League Championship Series,EU LCS 2014 Tenerife Online Qualifiers,04/07/2013,1
Europe League Championship Series,EU LCS 2013 Summer,15/06/2013,1
Europe League Championship Series,EU LCS 2013 Summer Promotion,03/05/2013,1
Europe League Championship Series,EU LCS 2013 Spring Playoffs,26/04/2013,1
Europe League Championship Series,EU LCS 2013 Summer Ranked 5s Qualifiers,12/04/2013,1
Europe League Championship Series,EU LCS 2013 Summer Go4LoL Qualifiers,31/03/2013,1
Europe League Championship Series,EU LCS 2013 Lille Qualifier,23/03/2013,1
Europe League Championship Series,EU LCS 2013 Lille Online Qualifier,13/03/2013,1
Europe League Championship Series,EU LCS 2013 Spring,09/02/2013,1
Europe League Championship Series,EU LCS 2013 Spring Offline Qualifiers,25/01/2013,1
Europe League Championship Series,EU LCS 2013 Spring Ranked 5s Qualifiers,04/01/2013,1
Europe League Championship Series,EU LCS 2013 Spring ESL Qualifier,10/12/2012,1
Garena Premier League,GPL 2018 Spring,28/03/2018,1
Garena Premier League,GPL 2017 Summer,21/08/2017,1
Garena Premier League,GPL 2017 Spring,12/04/2017,1
Garena Premier League,GPL 2016 Summer,08/08/2016,1
Garena Premier League,GPL 2016 Spring,06/04/2016,1
Garena Premier League,GPL 2015 Summer Playoffs,08/08/2015,1
Garena Premier League,GPL 2015 Summer,24/06/2015,1
Garena Premier League,GPL 2015 Spring Playoffs,11/04/2015,1
Garena Premier League,GPL 2015 Spring,10/12/2014,1
Garena Premier League,GPL 2015 Spring Vietnamese Qualifier,25/10/2014,1
Garena Premier League,GPL 2014 Summer,11/06/2014,1
Garena Premier League,GPL 2014 Summer Vietnamese Qualifier,26/04/2014,1
Garena Premier League,GPL 2014 Summer Taiwan &amp; Hong Kong &amp; Macau Promotion,09/04/2014,1
Garena Premier League,GPL 2014 Spring,12/02/2014,1
Garena Premier League,GPL 2014 Spring Philippine Qualifier,11/01/2014,1
Garena Premier League,GPL 2014 Spring Vietnamese Qualifier,23/12/2013,1
Garena Premier League,GPL 2014 Winter,30/10/2013,1
Garena Premier League,GPL 2014 Winter Thai Qualifier,12/10/2013,1
Garena Premier League,GPL 2013 Championship,29/08/2013,1
Garena Premier League,GPL 2013 Summer,10/05/2013,1
Garena Premier League,GPL 2013 Spring,04/01/2013,1
Garena Premier League,GPL 2012 Season 1 Playoffs,17/11/2012,1
Garena Premier League,GPL 2012 Season 1,18/05/2012,1
Garena Premier League,GPL 2012 Opening Event,05/05/2012,1
International Wildcard Invitational,IWCI 2016,16/04/2016,1
International Wildcard Invitational,IWCI 2015,21/04/2015,1
League of Legends Championship Series,LCS 2023 Spring Playoffs,23/03/2023,1
League of Legends Championship Series,LCS 2023 Spring,26/01/2023,1
League of Legends Championship Series,LCS 2022 Championship,20/08/2022,1
League of Legends Championship Series,LCS 2022 Summer,17/06/2022,1
League of Legends Championship Series,LCS 2022 Spring Playoffs,02/04/2022,1
League of Legends Championship Series,LCS 2022 Spring,05/02/2022,1
League of Legends Championship Series,LCS 2022 Lock In,14/01/2022,1
League of Legends Championship Series,LCS 2021 Championship,07/08/2021,1
League of Legends Championship Series,LCS 2021 Summer,04/06/2021,1
League of Legends Championship Series,LCS 2021 Mid-Season Showdown,20/03/2021,1
League of Legends Championship Series,LCS 2021 Spring,05/02/2021,1
League of Legends Championship Series,LCS 2021 Lock In,15/01/2021,1
League of Legends Championship Series,LCS 2020 Summer Playoffs,13/08/2020,1
League of Legends Championship Series,LCS 2020 Summer Classic Showmatch,10/07/2020,1
League of Legends Championship Series,LCS 2020 Summer,12/06/2020,1
League of Legends Championship Series,LCS 2020 Spring Playoffs,04/04/2020,1
League of Legends Championship Series,LCS 2020 Spring,25/01/2020,1
League of Legends Championship Series,LCS 2019 Summer Playoffs,10/08/2019,1
League of Legends Championship Series,LCS 2019 Summer,01/06/2019,1
League of Legends Championship Series,LCS 2019 Spring Playoffs,30/03/2019,1
League of Legends Championship Series,LCS 2019 Spring,26/01/2019,1
League of Legends SEA Tour,LST 2019 Summer Playoffs,07/09/2019,1
League of Legends SEA Tour,LST 2019 Summer,20/07/2019,1
League of Legends SEA Tour,LST 2019 Summer ID-MY-SG National Qualifier,06/07/2019,1
League of Legends SEA Tour,LST 2019 Summer Philippines National Qualifier,30/06/2019,1
League of Legends SEA Tour,LST 2019 Summer Thailand National Qualifier,29/06/2019,1
League of Legends SEA Tour,LST 2019 Spring,20/04/2019,1
League of Legends SEA Tour,LST 2019 Spring MY &amp; SG National Minor,14/04/2019,1
League of Legends SEA Tour,LST 2019 Spring Philippines National Minor,13/04/2019,1
League of Legends SEA Tour,LST 2019 Spring Thailand National Minor,07/04/2019,1
League of Legends SEA Tour,LST 2019 Spring Indonesia National Minor,31/03/2019,1
League of Legends SEA Tour,LST 2019 Spring Thailand National Qualifier,29/03/2019,1
League of Legends SEA Tour,LST 2019 Spring MY &amp; SG National Qualifier,27/03/2019,1
League of Legends SEA Tour,LST 2019 Spring Indonesia National Qualifier,15/03/2019,1
League of Legends SEA Tour,LST 2019 Spring Philippines National Qualifier,13/03/2019,1
Liga Latinoamerica,LLA 2023 Opening Playoffs,14/03/2023,1
Liga Latinoamerica,LLA 2023 Opening,24/01/2023,1
Liga Latinoamerica,LLA 2023 Opening Promotion,10/09/2022,1
Liga Latinoamerica,LLA 2022 Closing Playoffs,05/08/2022,1
Liga Latinoamerica,LLA 2022 Closing,11/06/2022,1
Liga Latinoamerica,LLA 2022 Opening Playoffs,18/03/2022,1
Liga Latinoamerica,LLA 2022 Opening,29/01/2022,1
Liga Latinoamerica,LLA 2022 Opening Promotion,01/09/2021,1
Liga Latinoamerica,LLA 2021 Closing Playoffs,14/08/2021,1
Liga Latinoamerica,LLA 2021 Closing,19/06/2021,1
Liga Latinoamerica,LLA 2021 Opening Playoffs,27/03/2021,1
Liga Latinoamerica,LLA 2021 Opening,30/01/2021,1
Liga Latinoamerica,LLA 2020 Closing Playoffs,15/08/2020,1
Liga Latinoamerica,LLA 2020 Closing,20/06/2020,1
Liga Latinoamerica,LLA 2020 Opening Playoffs,25/04/2020,1
Liga Latinoamerica,LLA 2020 Opening,15/02/2020,1
Liga Latinoamerica,LLA 2020 Opening Promotion,28/09/2019,1
Liga Latinoamerica,LLA 2019 Closing Playoffs,10/08/2019,1
Liga Latinoamerica,LLA 2019 Closing,08/06/2019,1
Liga Latinoamerica,LLA 2019 Opening Playoffs,30/03/2019,1
Liga Latinoamerica,LLA 2019 Opening,19/01/2019,1
Liga Latinoamérica Norte,LLN 2018 Closing Playoffs,30/08/2018,1
Liga Latinoamérica Norte,LLN 2018 Closing,16/06/2018,1
Liga Latinoamérica Norte,LLN 2018 Closing Promotion,10/04/2018,1
Liga Latinoamérica Norte,LLN 2018 Opening Playoffs,30/03/2018,1
Liga Latinoamérica Norte,LLN 2018 Opening,19/01/2018,1
Liga Latinoamérica Norte,LLN 2018 Opening Promotion,22/08/2017,1
Liga Latinoamérica Norte,LLN 2017 Closing Playoffs,14/08/2017,1
Liga Latinoamérica Norte,LLN 2017 Closing,29/05/2017,1
Liga Latinoamérica Norte,LLN 2017 Closing Promotion,11/04/2017,1
Liga Latinoamérica Norte,LLN 2017 Opening Playoffs,03/04/2017,1
Liga Latinoamérica Norte,LLN 2017 Opening,16/01/2017,1
Liga Latinoamérica Norte,LLN 2017 Opening Expansion,01/09/2016,1
Liga Latinoamérica Norte,LLN 2017 Opening Promotion,15/08/2016,1
LoL Champions Korea,LCK 2023 Spring Playoffs,22/03/2023,1
LoL Champions Korea,LCK 2023 Spring,18/01/2023,1
LoL Champions Korea,LCK 2022 Summer Playoffs,17/08/2022,1
LoL Champions Korea,LCK 2022 Summer,15/06/2022,1
LoL Champions Korea,LCK 2022 Spring Playoffs,23/03/2022,1
LoL Champions Korea,LCK 2022 Spring,12/01/2022,1
LoL Champions Korea,LCK 2021 Summer Playoffs,18/08/2021,1
LoL Champions Korea,LCK 2021 Summer,09/06/2021,1
LoL Champions Korea,LCK 2021 Spring Playoffs,31/03/2021,1
LoL Champions Korea,LCK 2021 Spring,13/01/2021,1
LoL Champions Korea,LCK 2020 Summer Playoffs,26/08/2020,1
LoL Champions Korea,LCK 2020 Summer,17/06/2020,1
LoL Champions Korea,LCK 2020 Summer Promotion,28/04/2020,1
LoL Champions Korea,LCK 2020 Spring Playoffs,18/04/2020,1
LoL Champions Korea,LCK 2020 Spring,05/02/2020,1
LoL Champions Korea,LCK 2020 Spring Promotion,09/09/2019,1
LoL Champions Korea,LCK 2019 Summer Playoffs,21/08/2019,1
LoL Champions Korea,LCK 2019 Summer,05/06/2019,1
LoL Champions Korea,LCK 2019 Summer Promotion,16/04/2019,1
LoL Champions Korea,LCK 2019 Spring Playoffs,03/04/2019,1
LoL Champions Korea,LCK 2019 Spring,16/01/2019,1
LoL Champions Korea,LCK 2019 Spring Promotion,18/09/2018,1
LoL Champions Korea,LCK 2018 Summer Playoffs,12/08/2018,1
LoL Champions Korea,LCK 2018 Summer,12/06/2018,1
LoL Champions Korea,LCK 2018 Summer Promotion,17/04/2018,1
LoL Champions Korea,LCK 2018 Spring Playoffs,31/03/2018,1
LoL Champions Korea,LCK 2018 Spring,16/01/2018,1
LoL Champions Korea,LCK 2018 Spring Promotion,12/09/2017,1
LoL Champions Korea,LCK 2017 Summer Playoffs,12/08/2017,1
LoL Champions Korea,LCK 2017 Summer,30/05/2017,1
LoL Champions Korea,LCK 2017 Summer Promotion,25/04/2017,1
LoL Champions Korea,LCK 2017 Spring Playoffs,07/04/2017,1
LoL Champions Korea,LCK 2017 Spring,17/01/2017,1
LoL Champions Korea,LCK 2017 Spring Promotion,22/08/2016,1
LoL Champions Korea,LCK 2016 Summer Playoffs,08/08/2016,1
LoL Champions Korea,LCK 2016 Summer,25/05/2016,1
LoL Champions Korea,LCK 2016 Summer Promotion,28/04/2016,1
LoL Champions Korea,LCK 2016 Spring Playoffs,13/04/2016,1
LoL Champions Korea,LCK 2016 Spring,13/01/2016,1
LoL Champions Korea,LCK 2016 Spring Promotion,11/09/2015,1
LoL Circuit Oceania,LCO 2023 Split 1 Stage 2,27/02/2023,1
LoL Circuit Oceania,LCO 2023 Split 1 Stage 1,23/01/2023,1
LoL Circuit Oceania,LCO 2022 Split 2 Playoffs Showmatch,03/09/2022,1
LoL Circuit Oceania,LCO 2022 Split 2 Playoffs,15/08/2022,1
LoL Circuit Oceania,LCO 2022 Split 2,06/06/2022,1
LoL Circuit Oceania,LCO 2022 Split 1 Playoffs,28/03/2022,1
LoL Circuit Oceania,LCO 2022 Split 1,24/01/2022,1
LoL Circuit Oceania,LCO Split 2 Playoff's Showmatch,31/08/2021,1
LoL Circuit Oceania,LCO 2021 Split 2 Playoffs,17/08/2021,1
LoL Circuit Oceania,LCO 2021 Split 2,15/06/2021,1
LoL Circuit Oceania,LCO 2021 Split 1 Playoffs,30/03/2021,1
LoL Circuit Oceania,LCO Split 1 Playoff's Showmatch,30/03/2021,1
LoL Circuit Oceania,LCO 2021 Split 1,23/02/2021,1
LoL Continental League,LCL 2022 Spring,12/02/2022,1
LoL Continental League,LCL 2021 Summer Playoffs,13/08/2021,1
LoL Continental League,LCL 2021 Summer,26/06/2021,1
LoL Continental League,LCL 2021 Spring Playoffs,03/04/2021,1
LoL Continental League,LCL 2021 Spring,13/02/2021,1
LoL Continental League,LCL 2020 Summer Playoffs,15/08/2020,1
LoL Continental League,LCL 2020 Summer,20/06/2020,1
LoL Continental League,LCL 2020 Spring Playoffs,18/04/2020,1
LoL Continental League,LCL 2020 Spring,22/02/2020,1
LoL Continental League,LCL 2019 Summer Playoffs,31/08/2019,1
LoL Continental League,LCL 2019 Summer,20/07/2019,1
LoL Continental League,LCL 2019 Spring Playoffs,30/03/2019,1
LoL Continental League,LCL 2019 Spring,16/02/2019,1
LoL Continental League,LCL 2019 Spring Promotion,29/08/2018,1
LoL Continental League,LCL 2018 Summer Playoffs,25/08/2018,1
LoL Continental League,LCL 2018 Summer,21/07/2018,1
LoL Continental League,LCL 2018 Summer Promotion,28/03/2018,1
LoL Continental League,LCL 2018 Spring Playoffs,17/03/2018,1
LoL Continental League,LCL 2018 Spring,10/02/2018,1
LoL Continental League,LCL 2018 Spring Promotion,26/08/2017,1
LoL Continental League,LCL 2017 Summer Playoffs,19/08/2017,1
LoL Continental League,LCL 2017 Summer,24/06/2017,1
LoL Continental League,LCL 2017 Spring Playoffs,01/04/2017,1
LoL Continental League,LCL 2017 Summer Promotion,25/03/2017,1
LoL Continental League,LCL 2017 Spring,28/01/2017,1
LoL Continental League,LCL 2016 Summer Playoffs,13/08/2016,1
LoL Continental League,LCL 2017 Spring Promotion,23/07/2016,1
LoL Continental League,LCL 2016 Summer,28/05/2016,1
LoL Continental League,LCL 2016 Summer Promotion,09/04/2016,1
LoL Continental League,LCL 2016 Spring Playoffs,26/03/2016,1
LoL Continental League,LCL 2016 Spring,16/01/2016,1
LoL EMEA Championship,LEC 2023 Winter Playoffs,20/02/2023,1
LoL EMEA Championship,LEC 2023 Winter Groups,11/02/2023,1
LoL EMEA Championship,LEC 2023 Winter Season,21/01/2023,1
LoL EMEA Championship,LEC 2022 Summer Playoffs,26/08/2022,1
LoL EMEA Championship,LEC 2022 Summer,17/06/2022,1
LoL EMEA Championship,LEC 2022 Spring Playoffs,25/03/2022,1
LoL EMEA Championship,LEC 2022 Spring,14/01/2022,1
LoL EMEA Championship,LEC 2021 Summer Playoffs,13/08/2021,1
LoL EMEA Championship,LEC 2021 Summer,11/06/2021,1
LoL EMEA Championship,LEC 2021 Spring Playoffs,26/03/2021,1
LoL EMEA Championship,LEC 2021 Spring,22/01/2021,1
LoL EMEA Championship,LEC 2020 Summer Playoffs,21/08/2020,1
LoL EMEA Championship,LEC 2020 Summer,12/06/2020,1
LoL EMEA Championship,LEC 2020 Spring Playoffs,03/04/2020,1
LoL EMEA Championship,LEC 2020 Spring,24/01/2020,1
LoL EMEA Championship,LEC 2019 Summer Playoffs,23/08/2019,1
LoL EMEA Championship,LEC 2019 Summer,07/06/2019,1
LoL EMEA Championship,LEC 2019 Spring Playoffs,29/03/2019,1
LoL EMEA Championship,LEC 2019 Spring,18/01/2019,1
LoL Japan League,LJL 2023 Spring Playoffs,01/04/2023,1
LoL Japan League,LJL 2023 Spring,28/01/2023,1
LoL Japan League,LJL 2022 Summer Playoffs,24/08/2022,1
LoL Japan League,LJL 2022 Summer,24/06/2022,1
LoL Japan League,LJL 2022 Spring Playoffs,30/03/2022,1
LoL Japan League,LJL 2022 Spring,11/02/2022,1
LoL Japan League,LJL 2021 Summer Playoffs,08/08/2021,1
LoL Japan League,LJL 2021 Summer,19/06/2021,1
LoL Japan League,LJL 2021 Spring Playoffs,14/03/2021,1
LoL Japan League,LJL 2021 Spring,23/01/2021,1
LoL Japan League,LJL 2020 Summer Playoffs,16/08/2020,1
LoL Japan League,LJL 2020 Summer,13/06/2020,1
LoL Japan League,LJL 2020 Spring Playoffs,21/03/2020,1
LoL Japan League,LJL 2020 Spring,08/02/2020,1
LoL Japan League,LJL 2019 Summer Playoffs,01/09/2019,1
LoL Japan League,LJL 2019 Summer,15/06/2019,1
LoL Japan League,LJL 2019 Spring Playoffs,06/04/2019,1
LoL Japan League,LJL 2019 Spring,19/01/2019,1
LoL Japan League,LJL 2019 Spring Promotion,12/09/2018,1
LoL Japan League,LJL 2018 Summer Playoffs,08/09/2018,1
LoL Japan League,LJL 2018 Summer,22/06/2018,1
LoL Japan League,LJL 2018 Spring Playoffs,07/04/2018,1
LoL Japan League,LJL 2018 Summer Promotion,03/04/2018,1
LoL Japan League,LJL 2018 Spring,09/02/2018,1
LoL Japan League,LJL 2017 Summer Playoffs,16/08/2017,1
LoL Japan League,LJL 2018 Spring Promotion,14/08/2017,1
LoL Japan League,LJL 2017 Summer,02/06/2017,1
LoL Japan League,LJL 2017 Spring Playoffs,29/03/2017,1
LoL Japan League,LJL 2017 Summer Promotion,27/03/2017,1
LoL Japan League,LJL 2017 Spring,20/01/2017,1
LoL Japan League,LJL 2017 Spring Promotion,12/08/2016,1
LoL Japan League,LJL 2016 Summer Playoffs,03/08/2016,1
LoL Japan League,LJL 2016 Summer,25/05/2016,1
LoL Japan League,LJL 2016 Spring Playoffs,02/04/2016,1
LoL Japan League,LJL 2016 Summer Promotion,31/03/2016,1
LoL Japan League,LJL 2016 Spring,17/01/2016,1
LoL Japan League,LJL 2016 Spring Promotion,30/10/2015,1
LoL Japan League,LJL 2015 Grand Finals,08/08/2015,1
LoL Japan League,LJL 2015 Season 2,23/05/2015,1
LoL Japan League,LJL 2015 Season 2 Survival Match,04/04/2015,1
LoL Japan League,LJL 2015 Season 1,24/01/2015,1
LoL Japan League,LJL 2014 Grand Finals,21/09/2014,1
LoL Japan League,LJL 2014 Summer,22/06/2014,1
LoL Japan League,LJL 2014 Spring,13/04/2014,1
LoL Japan League,LJL 2014 Winter,09/02/2014,1
LoL Master Series,LMS 2019 Summer Playoffs,23/08/2019,1
LoL Master Series,LMS 2019 Summer,13/06/2019,1
LoL Master Series,LMS 2019 Summer Promotion,25/04/2019,1
LoL Master Series,LMS 2019 Spring Playoffs,12/04/2019,1
LoL Master Series,LMS 2019 Spring,17/01/2019,1
LoL Master Series,LMS 2018 Summer Playoffs,07/09/2018,1
LoL Master Series,LMS 2019 Spring Promotion,05/09/2018,1
LoL Master Series,LMS 2018 Summer,23/06/2018,1
LoL Master Series,LMS 2018 Spring Playoffs,14/04/2018,1
LoL Master Series,LMS 2018 Summer Promotion,12/04/2018,1
LoL Master Series,LMS 2018 Spring,20/01/2018,1
LoL Master Series,LMS 2018 Spring Promotion,06/09/2017,1
LoL Master Series,LMS 2017 Summer Playoffs,18/08/2017,1
LoL Master Series,LMS 2017 Summer,03/06/2017,1
LoL Master Series,LMS 2017 Spring Playoffs,21/04/2017,1
LoL Master Series,LMS 2017 Summer Promotion,18/04/2017,1
LoL Master Series,LMS 2017 Spring,21/01/2017,1
LoL Master Series,LMS 2017 Spring Promotion,10/09/2016,1
LoL Master Series,LMS 2016 Summer Playoffs,17/08/2016,1
LoL Master Series,LMS 2016 Summer,09/06/2016,1
LoL Master Series,LMS 2016 Summer Promotion,21/05/2016,1
LoL Master Series,LMS 2016 Spring Playoffs,15/04/2016,1
LoL Master Series,LMS 2016 Spring,14/01/2016,1
LoL Master Series,LMS 2016 Spring Promotion,19/12/2015,1
LoL Master Series,LMS 2015 Summer Playoffs,24/07/2015,1
LoL Master Series,LMS 2015 Summer,20/05/2015,1
LoL Master Series,LMS 2015 Summer Promotion,25/04/2015,1
LoL Master Series,LMS 2015 Spring Playoffs,10/04/2015,1
LoL Master Series,LMS 2015 Spring,08/01/2015,1
LoL Master Series,LMS 2015 Spring Qualifiers,18/12/2014,1
LoL The Champions,Champions 2015 Summer Playoffs,16/08/2015,1
LoL The Champions,Champions 2015 Summer,20/05/2015,1
LoL The Champions,Champions 2015 Summer Promotion,15/05/2015,1
LoL The Champions,Champions 2015 Spring Playoffs,17/04/2015,1
LoL The Champions,Champions 2015 Spring,07/01/2015,1
LoL The Champions,Champions 2015 Spring Preseason,03/12/2014,1
LoL The Champions,Champions Spring 2015 Qualifiers,17/11/2014,1
LoL The Champions,Champions 2014 Summer,18/06/2014,1
LoL The Champions,Champions 2014 Summer Qualifiers,30/05/2014,1
LoL The Champions,Champions 2014 Spring,12/03/2014,1
LoL The Champions,Champions 2014 Spring Qualifiers,15/02/2014,1
LoL The Champions,Champions 2014 Winter,15/11/2013,1
LoL The Champions,Champions 2014 Winter Qualifiers,14/10/2013,1
LoL The Champions,Champions 2013 Summer,03/07/2013,1
LoL The Champions,Champions 2013 Summer Qualifiers,12/06/2013,1
LoL The Champions,Champions 2013 Spring,03/04/2013,1
LoL The Champions,Champions 2013 Spring Qualifiers,08/03/2013,1
LoL The Champions,Champions 2013 Winter,09/11/2012,1
LoL The Champions,Champions 2013 Winter Qualifiers,22/10/2012,1
LoL The Champions,Champions 2012 Summer,04/07/2012,1
LoL The Champions,Azubu LoL The Champions All Stars,06/06/2012,1
LoL The Champions,Champions 2012 Spring,21/03/2012,1
Major League Gaming,MLG 2013 Anaheim,29/06/2013,1
Major League Gaming,MLG Anaheim Online Qualifier,08/06/2013,1
Major League Gaming,MLG 2013 Winter,15/03/2013,1
Major League Gaming,2013 MLG Winter Championship - Korean Qualifier,02/03/2013,1
Major League Gaming,Season 3 North American MLG Online Qualifiers,03/12/2012,1
Major League Gaming,MLG 2012 Summer Championship,24/08/2012,1
Major League Gaming,MLG 2012 Summer Arena,03/08/2012,1
Major League Gaming,MLG Summer Arena Qualifiers,10/07/2012,1
Major League Gaming,MLG 2012 Spring Championship,08/06/2012,1
Major League Gaming,MLG 2011 Championship Providence,19/11/2011,1
Major League Gaming,MLG 2011 Providence Qualifiers,19/11/2011,1
Major League Gaming,MLG 2011 Raleigh,27/08/2011,1
Mid-Season Cup 2020,Mid-Season Cup 2020,28/05/2020,1
Mid-Season Invitational,MSI 2023,02/05/2023,1
Mid-Season Invitational,MSI 2022,10/05/2022,1
Mid-Season Invitational,MSI 2021,06/05/2021,1
Mid-Season Invitational,MSI 2019 Main Event,10/05/2019,1
Mid-Season Invitational,MSI 2019,01/05/2019,1
Mid-Season Invitational,MSI 2019 Play-In,01/05/2019,1
Mid-Season Invitational,MSI 2018 Main Event,11/05/2018,1
Mid-Season Invitational,MSI 2018,03/05/2018,1
Mid-Season Invitational,MSI 2018 Play-In,03/05/2018,1
Mid-Season Invitational,MSI 2017 Main Event,10/05/2017,1
Mid-Season Invitational,MSI 2017,28/04/2017,1
Mid-Season Invitational,MSI 2017 Play-In,28/04/2017,1
Mid-Season Invitational,MSI 2016,04/05/2016,1
Mid-Season Invitational,MSI 2015,07/05/2015,1
North America League Championship Series,NA LCS 2018 Summer Playoffs - Showmatch,09/09/2018,1
North America League Championship Series,NA LCS 2018 Summer Playoffs,25/08/2018,1
North America League Championship Series,NA LCS 2018 Summer,16/06/2018,1
North America League Championship Series,NA LCS 2018 Spring Playoffs,24/03/2018,1
North America League Championship Series,NA LCS 2018 Spring,20/01/2018,1
North America League Championship Series,NA LCS 2017 Summer Playoffs,19/08/2017,1
North America League Championship Series,NA LCS 2018 Spring Promotion,11/08/2017,1
North America League Championship Series,NA LCS 2017 Summer,02/06/2017,1
North America League Championship Series,NA LCS 2017 Spring Playoffs,08/04/2017,1
North America League Championship Series,NA LCS 2017 Summer Promotion,31/03/2017,1
North America League Championship Series,NA LCS 2017 Spring,20/01/2017,1
North America League Championship Series,NA LCS 2016 Summer Playoffs,13/08/2016,1
North America League Championship Series,NA LCS 2017 Spring Promotion,04/08/2016,1
North America League Championship Series,NA LCS 2016 Summer,03/06/2016,1
North America League Championship Series,NA LCS 2016 Summer Promotion,06/04/2016,1
North America League Championship Series,NA LCS 2016 Spring Playoffs,02/04/2016,1
North America League Championship Series,NA LCS 2016 Spring,16/01/2016,1
North America League Championship Series,NA LCS 2016 Spring Promotion,06/09/2015,1
North America League Championship Series,NA LCS 2015 Summer Playoffs,08/08/2015,1
North America League Championship Series,NA LCS 2015 Summer,30/05/2015,1
North America League Championship Series,NA LCS 2015 Summer Promotion,26/04/2015,1
North America League Championship Series,NA LCS 2015 Spring Playoffs,04/04/2015,1
North America League Championship Series,NA LCS 2015 Spring,24/01/2015,1
North America League Championship Series,NA LCS 2015 Spring Expansion,15/11/2014,1
North America League Championship Series,NA LCS 2015 Spring Promotion,09/09/2014,1
North America League Championship Series,NA LCS 2014 Summer Playoffs,23/08/2014,1
North America League Championship Series,NA LCS 2014 Summer,23/05/2014,1
North America League Championship Series,NA LCS 2014 Summer Promotion,26/04/2014,1
North America League Championship Series,NA LCS 2014 Spring Playoffs,18/04/2014,1
North America League Championship Series,NA LCS 2014 Spring,16/01/2014,1
North America League Championship Series,NA LCS 2014 Spring Promotion,06/12/2013,1
North America League Championship Series,NA LCS 2014 Spring Prequalifier 2,16/11/2013,1
North America League Championship Series,NA LCS 2014 Spring Prequalifier 1,19/10/2013,1
North America League Championship Series,NA LCS 2013 Summer Playoffs,30/08/2013,1
North America League Championship Series,NA LCS 2014 Spring Prequalifier PAX,30/08/2013,1
North America League Championship Series,NA LCS 2013 Summer,12/06/2013,1
North America League Championship Series,NA LCS 2013 Summer Promotion,10/05/2013,1
North America League Championship Series,NA LCS 2013 Spring Playoffs,26/04/2013,1
North America League Championship Series,NA LCS 2013 Spring,07/02/2013,1
North America League Championship Series,NA LCS 2013 Spring Qualifiers,11/01/2013,1
Oceanic Pro League,OPL 2020 Split 2 Playoffs,14/08/2020,1
Oceanic Pro League,OPL 2020 Split 2,05/06/2020,1
Oceanic Pro League,OPL 2020 Split 1 Playoffs,10/04/2020,1
Oceanic Pro League,OPL 2020 Split 1,31/01/2020,1
Oceanic Pro League,OPL 2019 Split 2 Showmatch,30/08/2019,1
Oceanic Pro League,OPL 2019 Split 2 Playoffs,22/08/2019,1
Oceanic Pro League,OPL 2019 Split 2,07/06/2019,1
Oceanic Pro League,OPL 2019 Split 1 Playoffs,28/03/2019,1
Oceanic Pro League,OPL 2019 Split 1,18/01/2019,1
Oceanic Pro League,OPL 2019 Split 1 Promotion,07/09/2018,1
Oceanic Pro League,OPL 2018 Split 2 Playoffs,24/08/2018,1
Oceanic Pro League,OPL 2018 Split 2,08/06/2018,1
Oceanic Pro League,OPL 2018 Split 1 Playoffs,23/03/2018,1
Oceanic Pro League,OPL 2018 Split 1,20/01/2018,1
Oceanic Pro League,OPL 2017 Split 2 Playoffs,25/08/2017,1
Oceanic Pro League,OPL 2018 Split 1 Promotion,23/08/2017,1
Oceanic Pro League,OPL 2017 Split 2,10/06/2017,1
Oceanic Pro League,OPL 2017 Split 1 Playoffs,07/04/2017,1
Oceanic Pro League,OPL 2017 Split 2 Promotion,07/04/2017,1
Oceanic Pro League,OPL 2017 Split 1,21/01/2017,1
Oceanic Pro League,OPL 2017 Split 1 Promotion,22/08/2016,1
Oceanic Pro League,OPL 2016 Split 2 Playoffs,01/08/2016,1
Oceanic Pro League,OPL 2016 Split 2,23/05/2016,1
Oceanic Pro League,OPL 2016 Split 2 Promotion,26/04/2016,1
Oceanic Pro League,OPL 2016 Split 1 Playoffs,29/03/2016,1
Oceanic Pro League,OPL 2016 Split 1,18/01/2016,1
Oceanic Pro League,OPL 2016 Split 1 Promotion,18/09/2015,1
Oceanic Pro League,OPL 2015 Split 2 Playoffs,20/07/2015,1
Oceanic Pro League,OPL 2015 Split 2,25/05/2015,1
Oceanic Pro League,OPL 2015 Split 2 Promotion,02/05/2015,1
Oceanic Pro League,OPL 2015 Split 1 Playoffs,01/04/2015,1
Oceanic Pro League,OPL 2015 Split 1,05/02/2015,1
Oceanic Pro League,OPL 2015 Split 1 Qualifiers,10/01/2015,1
Pacific Championship Series,PCS 2023 Spring,03/02/2023,1
Pacific Championship Series,PCS 2022 Summer Playoffs,18/08/2022,1
Pacific Championship Series,PCS 2022 Summer,01/07/2022,1
Pacific Championship Series,PCS 2022 Spring Playoffs,31/03/2022,1
Pacific Championship Series,PCS 2022 Spring,11/02/2022,1
Pacific Championship Series,PCS 2021 Summer Playoffs,12/08/2021,1
Pacific Championship Series,PCS 2021 Summer,09/07/2021,1
Pacific Championship Series,PCS 2021 Spring Playoffs,01/04/2021,1
Pacific Championship Series,PCS 2021 Spring,19/02/2021,1
Pacific Championship Series,PCS 2021 Spring Promotion,08/09/2020,1
Pacific Championship Series,PCS 2020 Summer Playoffs,13/08/2020,1
Pacific Championship Series,PCS 2020 Summer,20/06/2020,1
Pacific Championship Series,PCS 2020 Spring Playoffs,10/04/2020,1
Pacific Championship Series,PCS 2020 Spring,29/02/2020,1
Rift Rivals 2017 GPL-LJL-OPL,Rift Rivals 2017 GPL-LJL-OPL,03/07/2017,1
Rift Rivals 2017 LCK-LPL-LMS,Rift Rivals 2019 LCK-LPL-LMS-VCS,04/07/2019,1
Rift Rivals 2017 LCK-LPL-LMS,Rift Rivals 2019,27/06/2019,1
Rift Rivals 2017 LCK-LPL-LMS,Rift Rivals 2018 LCK-LPL-LMS,05/07/2018,1
Rift Rivals 2017 LCK-LPL-LMS,Rift Rivals 2018,02/07/2018,1
Rift Rivals 2017 LCK-LPL-LMS,Rift Rivals 2017 LCK-LPL-LMS,06/07/2017,1
Rift Rivals 2017 LCL-TCL,Rift Rivals 2018 LCL-TCL-VCS,04/07/2018,1
Rift Rivals 2017 LCL-TCL,Rift Rivals 2017 LCL-TCL,06/07/2017,1
Rift Rivals 2017 LLN-CLS-CBLOL,Rift Rivals 2017 LLN-CLS-CBLOL,05/07/2017,1
Rift Rivals 2017 NA-EU,Rift Rivals 2019 NA-EU,27/06/2019,1
Rift Rivals 2017 NA-EU,Rift Rivals 2019 NA-EU - Showmatches,27/06/2019,1
Rift Rivals 2017 NA-EU,Rift Rivals 2018 NA-EU,05/07/2018,1
Rift Rivals 2017 NA-EU,Rift Rivals 2017 NA-EU,05/07/2017,1
Riot Games,NA Pro Exhibition Matches 2020,31/05/2020,1
Riot Games,Best Role in LatAm Tournament 2020,30/05/2020,1
Riot Games,Casters vs Champions,30/05/2020,1
Riot Games,CIS All-Star Variety Show 2020,30/05/2020,1
Riot Games,EU Face-Off 2020,30/05/2020,1
Riot Games,JP Exhibition Tournament 2020,30/05/2020,1
Riot Games,Mastercard Legends Showdown: Team Kami x Team YoDa,30/05/2020,1
Riot Games,Mid-Season Streamathon 2020,29/05/2020,1
Riot Games,Mid-Season Streamathon 2020 Kickoff,29/05/2020,1
Riot Games,Mid-Season Showdown 2020,27/05/2020,1
Riot Games,Legacy Esports vs OPL All-Stars,23/05/2020,1
Riot Games,2016 League of Draven Caster Showdown,01/04/2016,1
Riot Games,Riot Battlegrounds Greece,12/09/2015,1
Riot Games,Riot Russia Candidates Tournament 2014,06/11/2014,1
Riot Games,Riot 2014 Season Turkish Championship,05/07/2014,1
Riot Games,Riot Greek Legends 2014,28/06/2014,1
Riot Games,Riot Season 3 Turkish Championship,20/07/2013,1
Riot Games,Riot Season 3 Turkish Championship: Qualifiers,12/07/2013,1
Riot Games,Riot Turkey Season 3 Summer Tournament,06/07/2013,1
Riot Games,Regional CIS Championship 2013,21/06/2013,1
Riot Games,Regional CIS Championship 2013 Qualifier,06/06/2013,1
Riot Games,Riot Turkey Season 3 Spring Tournament,27/04/2013,1
Riot Games,Riot Turkey Season 3 Winter Tournament,19/01/2013,1
Riot Games,S3 NA Online Qualifier,04/01/2013,1
Riot Games,Season 2 Regional Finals - Seattle,30/08/2012,1
Riot Games,Riot World Invitational,01/06/2012,1
Tencent LoL Pro League,LPL 2023 Spring,14/01/2023,1
Tencent LoL Pro League,LPL 2022 Summer Playoffs,16/08/2022,1
Tencent LoL Pro League,LPL 2022 Summer,10/06/2022,1
Tencent LoL Pro League,LPL 2022 Spring Playoffs,26/03/2022,1
Tencent LoL Pro League,LPL 2022 Spring,10/01/2022,1
Tencent LoL Pro League,LPL 2021 Summer Playoffs,12/08/2021,1
Tencent LoL Pro League,LPL 2021 Summer,07/06/2021,1
Tencent LoL Pro League,LPL 2021 Spring Playoffs,01/04/2021,1
Tencent LoL Pro League,LPL 2021 Spring,09/01/2021,1
Tencent LoL Pro League,LPL 2020 Summer Playoffs,13/08/2020,1
Tencent LoL Pro League,LPL 2020 Summer,05/06/2020,1
Tencent LoL Pro League,LPL 2020 Spring Playoffs,22/04/2020,1
Tencent LoL Pro League,LPL 2020 Spring,13/01/2020,1
Tencent LoL Pro League,LPL 2019 Summer Playoffs,22/08/2019,1
Tencent LoL Pro League,LPL 2019 Summer,01/06/2019,1
Tencent LoL Pro League,LPL 2019 Spring Playoffs,04/04/2019,1
Tencent LoL Pro League,LPL 2019 Spring,14/01/2019,1
Tencent LoL Pro League,LPL 2018 Summer Playoffs,05/09/2018,1
Tencent LoL Pro League,LPL 2018 Summer,11/06/2018,1
Tencent LoL Pro League,LPL 2018 Spring Playoffs,12/04/2018,1
Tencent LoL Pro League,LPL 2018 Spring,15/01/2018,1
Tencent LoL Pro League,LPL 2017 Summer Playoffs,22/08/2017,1
Tencent LoL Pro League,LPL 2017 Summer,08/06/2017,1
Tencent LoL Pro League,LPL 2017 Summer Promotion,19/04/2017,1
Tencent LoL Pro League,LPL 2017 Spring Playoffs,18/04/2017,1
Tencent LoL Pro League,LPL 2017 Spring,19/01/2017,1
Tencent LoL Pro League,LPL 2017 Spring Promotion,11/08/2016,1
Tencent LoL Pro League,LPL 2016 Summer Playoffs,10/08/2016,1
Tencent LoL Pro League,LPRL 2016 Summer,30/05/2016,1
Tencent LoL Pro League,LPL 2016 Summer,26/05/2016,1
Tencent LoL Pro League,LPL 2016 Summer Promotion,14/04/2016,1
Tencent LoL Pro League,LPL 2016 Spring Playoffs,13/04/2016,1
Tencent LoL Pro League,LPPL 2016 Spring,19/01/2016,1
Tencent LoL Pro League,LPL 2016 Spring,14/01/2016,1
Tencent LoL Pro League,LPL 2015 Summer Playoffs,11/08/2015,1
Tencent LoL Pro League,LPL 2016 Spring Promotion,10/08/2015,1
Tencent LoL Pro League,LPL 2015 Summer,22/05/2015,1
Tencent LoL Pro League,LPL 2015 Spring Playoffs,14/04/2015,1
Tencent LoL Pro League,LPL 2015 Summer Promotion,14/04/2015,1
Tencent LoL Pro League,LPL 2015 Spring,16/01/2015,1
Tencent LoL Pro League,LPL 2015 Spring Promotion,21/11/2014,1
Tencent LoL Pro League,LPL 2014 Summer Playoffs,19/08/2014,1
Tencent LoL Pro League,LPL 2014 Summer,14/06/2014,1
Tencent LoL Pro League,LPL 2014 Spring Playoffs,24/05/2014,1
Tencent LoL Pro League,LPL 2014 Spring,22/02/2014,1
Tencent LoL Pro League,LPL 2014 Spring Promotion,31/12/2013,1
Tencent LoL Pro League,LPL 2013 Summer Playoffs,20/11/2013,1
Tencent LoL Pro League,LPL 2013 Summer,12/07/2013,1
Tencent LoL Pro League,LPL 2013 Spring Playoffs,16/06/2013,1
Tencent LoL Pro League,LPL 2013 Spring,16/03/2013,1
Tencent LoL Pro League,Tencent Pro League Qualifier,29/01/2013,1
Turkish Championship League,TCL 2023 Winter,26/01/2023,1
Turkish Championship League,TCL 2022 Summer Playoffs,20/08/2022,1
Turkish Championship League,TCL 2022 Summer,11/06/2022,1
Turkish Championship League,TCL 2022 Winter Playoffs,26/03/2022,1
Turkish Championship League,TCL 2022 Winter,22/01/2022,1
Turkish Championship League,TCL 2021 Summer Playoffs,14/08/2021,1
Turkish Championship League,TCL 2021 Summer,12/06/2021,1
Turkish Championship League,TCL 2021 Winter Playoffs,03/04/2021,1
Turkish Championship League,TCL 2021 Winter,23/01/2021,1
Turkish Championship League,TCL 2020 Summer Playoffs,15/08/2020,1
Turkish Championship League,TCL 2020 Summer,06/06/2020,1
Turkish Championship League,TCL 2020 Winter Playoffs,27/04/2020,1
Turkish Championship League,TCL 2020 Winter,01/02/2020,1
Turkish Championship League,TCL 2019 Summer Playoffs,17/08/2019,1
Turkish Championship League,TCL 2019 Summer,08/06/2019,1
Turkish Championship League,TCL 2019 Winter Playoffs,29/03/2019,1
Turkish Championship League,TCL 2019 Winter,19/01/2019,1
Turkish Championship League,TCL 2019 Winter Qualifiers,03/09/2018,1
Turkish Championship League,TCL 2018 Summer Playoffs,25/08/2018,1
Turkish Championship League,TCL 2018 Summer,16/06/2018,1
Turkish Championship League,TCL 2018 Winter Playoffs,07/04/2018,1
Turkish Championship League,TCL 2018 Summer Qualifiers,30/03/2018,1
Turkish Championship League,TCL 2018 Winter,20/01/2018,1
Turkish Championship League,TCL 2018 Winter Qualifiers,08/08/2017,1
Turkish Championship League,TCL 2017 Summer Playoffs,05/08/2017,1
Turkish Championship League,TCL 2017 Summer,03/06/2017,1
Turkish Championship League,TCL 2017 Summer Qualifiers,13/04/2017,1
Turkish Championship League,TCL 2017 Winter Playoffs,01/04/2017,1
Turkish Championship League,TCL 2017 Winter,21/01/2017,1
Turkish Championship League,TCL 2017 Winter Qualifiers,10/09/2016,1
Turkish Championship League,TCL 2016 Summer Playoffs,04/08/2016,1
Turkish Championship League,TCL 2016 Summer,11/06/2016,1
Turkish Championship League,TCL 2016 Summer Qualifiers,29/04/2016,1
Turkish Championship League,TCL 2016 Winter Playoffs,19/03/2016,1
Turkish Championship League,TCL 2016 Winter,16/01/2016,1
Turkish Championship League,TCL 2016 Winter Qualifiers,20/08/2015,1
Turkish Championship League,TCL 2015 Summer Playoffs,25/07/2015,1
Turkish Championship League,TCL 2015 Summer,16/05/2015,1
Turkish Championship League,TCL 2015 Summer Qualifiers,18/04/2015,1
Turkish Championship League,TCL 2015 Winter Playoffs,21/03/2015,1
Turkish Championship League,TCL 2015 Winter,24/01/2015,1
Turkish Championship League,TCL 2015 Winter Qualifiers,08/11/2014,1
Turkish Championship League,TCL 2014 Summer Playoffs,07/06/2014,1
Turkish Championship League,TCL 2014 Summer,25/04/2014,1
Turkish Championship League,TCL 2014 Spring Playoffs,04/04/2014,1
Turkish Championship League,TCL 2014 Spring,08/02/2014,1
Turkish Championship League,TCL 2014 Winter Playoffs,01/02/2014,1
Turkish Championship League,TCL 2014 Spring Promotion,25/01/2014,1
Turkish Championship League,TCL 2014 Winter,01/12/2013,1
Vietnam Championship Series,VCS 2023 Spring,14/02/2023,1
Vietnam Championship Series,VCS 2022 Summer Playoffs,24/08/2022,1
Vietnam Championship Series,VCS 2022 Summer,07/07/2022,1
Vietnam Championship Series,VCS 2022 Summer Promotion,06/05/2022,1
Vietnam Championship Series,VCS 2022 Spring Playoffs,16/04/2022,1
Vietnam Championship Series,VCS 2022 Spring,11/02/2022,1
Vietnam Championship Series,VCS 2021 Winter Playoffs,22/12/2021,1
Vietnam Championship Series,VCS 2021 Winter,16/11/2021,1
Vietnam Championship Series,VCS 2021 Summer Promotion,18/05/2021,1
Vietnam Championship Series,VCS 2021 Spring Playoffs,10/04/2021,1
Vietnam Championship Series,VCS 2021 Spring,22/01/2021,1
Vietnam Championship Series,VCS 2021 Spring Promotion,27/11/2020,1
Vietnam Championship Series,VCS 2020 Summer Playoffs,19/08/2020,1
Vietnam Championship Series,VCS 2020 Summer,19/06/2020,1
Vietnam Championship Series,VCS 2020 Summer Promotion,01/05/2020,1
Vietnam Championship Series,VCS 2020 Spring Playoffs,10/04/2020,1
Vietnam Championship Series,VCS 2020 Spring,31/01/2020,1
Vietnam Championship Series,VCS 2020 Spring Promotion,11/12/2019,1
Vietnam Championship Series,VCS 2019 Summer Playoffs - Showmatch,15/09/2019,1
Vietnam Championship Series,VCS 2019 Summer Playoffs,24/08/2019,1
Vietnam Championship Series,VCS 2019 Summer,20/06/2019,1
Vietnam Championship Series,VCS 2019 Summer Promotion,26/04/2019,1
Vietnam Championship Series,VCS 2019 Spring Playoffs,30/03/2019,1
Vietnam Championship Series,VCS 2019 Spring,17/01/2019,1
Vietnam Championship Series,VCS 2019 Spring Promotion,28/11/2018,1
Vietnam Championship Series,VCS 2018 Summer Playoffs,07/09/2018,1
Vietnam Championship Series,VCS 2018 Summer,21/06/2018,1
Vietnam Championship Series,VCS 2018 Summer Promotion,04/05/2018,1
Vietnam Championship Series,VCS 2018 Spring Playoffs,30/03/2018,1
Vietnam Championship Series,VCS 2018 Spring,18/01/2018,1
Vietnam Championship Series,VCS 2018 Spring Promotion,15/12/2017,1
World Championship,Worlds 2022 Main Event,07/10/2022,1
World Championship,Worlds 2022,29/09/2022,1
World Championship,Worlds 2022 Play-In,29/09/2022,1
World Championship,LPL 2022 Regional Finals,02/09/2022,1
World Championship,LCK 2022 Regional Finals,01/09/2022,1
World Championship,LPL 2022 Regional Finals Showmatch,01/09/2022,1
World Championship,Worlds 2021 Main Event,11/10/2021,1
World Championship,Worlds 2021,05/10/2021,1
World Championship,Worlds 2021 Play-In,05/10/2021,1
World Championship,LPL 2021 Regional Finals,03/09/2021,1
World Championship,LCK 2021 Regional Finals,31/08/2021,1
World Championship,Worlds 2020 Main Event,03/10/2020,1
World Championship,Worlds 2020,25/09/2020,1
World Championship,Worlds 2020 Play-In,25/09/2020,1
World Championship,LCK 2020 Regional Finals,07/09/2020,1
World Championship,LPL 2020 Regional Finals,28/08/2020,1
World Championship,Worlds 2019 Main Event,12/10/2019,1
World Championship,Worlds 2019,02/10/2019,1
World Championship,Worlds 2019 Play-In,02/10/2019,1
World Championship,LEC 2019 Regional Finals,13/09/2019,1
World Championship,LPL 2019 Regional Finals,07/09/2019,1
World Championship,LCS 2019 Regional Finals,06/09/2019,1
World Championship,LMS 2019 Regional Finals,06/09/2019,1
World Championship,LCK 2019 Regional Finals,03/09/2019,1
World Championship,Worlds 2018 Main Event,10/10/2018,1
World Championship,Worlds 2018,01/10/2018,1
World Championship,Worlds 2018 Play-In,01/10/2018,1
World Championship,Taiwan Regional Finals 2018,20/09/2018,1
World Championship,China Regional Finals 2018,15/09/2018,1
World Championship,EU Regional Finals 2018,14/09/2018,1
World Championship,NA Regional Finals 2018,14/09/2018,1
World Championship,Korea Regional Finals 2018,12/09/2018,1
World Championship,Worlds 2017 Main Event,05/10/2017,1
World Championship,Worlds 2017,23/09/2017,1
World Championship,Worlds 2017 Play-In,23/09/2017,1
World Championship,EU Regional Finals 2017,08/09/2017,1
World Championship,NA Regional Finals 2017,08/09/2017,1
World Championship,China Regional Finals 2017,02/09/2017,1
World Championship,Korea Regional Finals 2017,28/08/2017,1
World Championship,Taiwan Regional Finals 2017,26/08/2017,1
World Championship,Worlds 2016,29/09/2016,1
World Championship,EU Regional Finals 2016,03/09/2016,1
World Championship,NA Regional Finals 2016,03/09/2016,1
World Championship,Taiwan Regional Finals 2016,02/09/2016,1
World Championship,Korea Regional Finals 2016,29/08/2016,1
World Championship,China Regional Finals 2016,27/08/2016,1
World Championship,Worlds 2015,01/10/2015,1
World Championship,China Regional Finals 2015,04/09/2015,1
World Championship,Korea Regional Finals 2015,02/09/2015,1
World Championship,EU Regional Finals 2015,29/08/2015,1
World Championship,NA Regional Finals 2015,29/08/2015,1
World Championship,SEA Regional Finals 2015,15/08/2015,1
World Championship,Worlds 2014,18/09/2014,1
World Championship,China Regional Finals 2014,06/09/2014,1
World Championship,Korea Regional Finals 2014,27/08/2014,1
World Championship,Garena Regional Finals 2014,19/08/2014,1
World Championship,Turkey Regional Finals 2014,28/06/2014,1
World Championship,Worlds Season 3,15/09/2013,1
World Championship,China Regional Finals Season 3,07/09/2013,1
World Championship,Korea Regional Finals Season 3,04/09/2013,1
World Championship,Season 3 Taiwan Regional Finals,03/07/2013,1
World Championship,Season 3 Taiwan Regional Finals Hong Kong,30/05/2013,1
World Championship,Worlds Season 2,04/10/2012,1
World Championship,Korea Regional Finals Season 2,12/09/2012,1
World Championship,EU Regional Finals Season 2,16/08/2012,1
World Championship,China Regional Finals Season 2,26/07/2012,1
World Championship,Worlds Season 1,18/06/2011,1
World Championship,Worlds Season 1 Qualifier - Europe,28/05/2011,1
World Championship,Worlds Season 1 Qualifier - NA,28/05/2011,1
